"689","1adrianaries1"
"449","2mgovercsquared"
"541","420jeron1m0"
"461","7sealassen"
"438","admiral_bahroo"
"478","adren_tv"
"469","akaros83"
"585","anakq"
"584","angel20739"
"708","anniebot"
"481","aplfisher"
"691","apophis01"
"687","arkadataediting"
"594","asketgame"
"543","awdise"
"496","azazello1337"
"659","bajheera"
"532","beyondthesummit"
"540","beyondthesummit_ru"
"518","bigfoltz"
"515","blaztful"
"677","broeki1"
"446","bungo21"
"516","callofduty"
"530","capcomfighters"
"539","cartmanzbs"
"671","ciklopper"
"484","cincinbear"
"705","cowsep"
"556","crunk_muffin"
"714","cynicalbannana"
"668","czechcloud"
"507","deadpoolyplays"
"440","diddojo"
"517","dimsgamer"
"661","djarii"
"520","dop3god1_"
"538","dossierchannel"
"503","dreamhackes_csgo"
"456","drlupo"
"681","eclypsiatvlol"
"542","eegdota"
"576","esl_alphacast"
"485","esl_csgo"
"690","esl_lol_pl"
"675","eulcs2"
"711","fate_twisted_na"
"523","fazedirty"
"519","finessegod94"
"528","firemanruby2"
"686","flyerbeklol"
"544","followkudes"
"462","forcestrategygaming"
"692","fximba"
"463","gamemeneer"
"531","gaminglive_dota2"
"526","gaminglive_tv1"
"697","gec"
"513","genesislegendhd"
"459","gernaderjake"
"472","girlstorule"
"670","gnumme"
"444","goodgamegirls"
"699","goodguygarry"
"685","gratis150ml"
"475","grlmike"
"623","gronie7"
"494","grubbas"
"590","gwinglade"
"693","harunobani"
"665","hearthstonefr"
"706","herdyn"
"466","highstyled"
"712","hitpointcz"
"511","ign"
"547","imperiusgg"
"672","iner_hs"
"476","inetkoxtv"
"482","itsvex"
"669","j4ckiechan"
"688","japanesekoreanug"
"709","john8497"
"533","johnnycrypton"
"506","joshog"
"599","kaceytron"
"525","kairi78_officiel"
"536","katty_sun"
"664","khsjohnny"
"489","kinguin_net"
"477","kiskacat"
"471","kittyplays"
"524","kolgaa"
"568","krayn_live"
"715","kubon_"
"504","lars033"
"702","levo"
"434","lirik"
"465","lobosjr"
"682","lolgeranimo"
"495","loungesystem"
"433","lowco2525"
"521","maestrooj"
"684","magyarloltv"
"450","mahyars"
"502","marckozhd"
"501","memo1988xxx"
"497","michaelaverage"
"522","milleniumtvcod"
"667","milleniumtvhs"
"443","millenniumeye23"
"488","minibellle"
"492","mousett"
"695","mrlafierik"
"454","ms5000watts"
"486","muytoguy"
"674","nagibator_legend"
"663","naniheichou"
"666","naurplay"
"474","nickbunyun"
"658","nixxiom"
"535","nomadtv"
"491","nookyyy"
"713","noway4u_sir"
"505","noxitez"
"448","nymn_hs"
"608","officialschneider"
"683","ogaminglol"
"696","ogaminglol2"
"441","omgitsfirefoxx"
"483","onscreenlol"
"678","otofu"
"464","overwatchcentral"
"487","pago3"
"545","pasha_zuk"
"546","pr0dotatv"
"453","professorbroman"
"656","project_carry_tank"
"548","pro_dota2_tv"
"537","qsnake_"
"479","r3n_tv"
"457","realkraftyy"
"529","redbulljapan"
"499","remy871"
"435","resttpowered"
"707","riotgamesturkish"
"447","rocketbeanstv"
"498","savacraft"
"710","scarra"
"460","schviftyfive"
"655","sco"
"657","scvndvl_project"
"509","seriousgaming"
"676","shaclone"
"660","shjami"
"493","shurzg"
"679","silphitv"
"439","sofiko33"
"473","sovietwomble"
"432","srkevo1"
"431","srkevo2"
"527","srkevo3"
"480","starladder5"
"468","steel_tv"
"467","ster"
"470","stevicules"
"500","summit1g"
"703","summonersinnlive"
"436","sxyhxy"
"673","taesangyun"
"512","tapoutskull456"
"694","tawna_b"
"698","therainman"
"700","theusmatag"
"490","trilluxelive"
"445","tsukiyopower"
"592","tugux"
"451","twitch"
"508","tylerootd"
"442","unboxholics"
"437","uzra"
"701","valkrin"
"510","vegetabledude"
"534","vikared"
"680","wingsofdeath"
"458","wishyouluckk"
"455","wtfisposhy"
"662","w_lapin"
"514","xhoopologyx"
"704","zeeoon"
"452","zwetschke___"
